<?xml version="1.0" encoding="UTF-8"?>
<project-private xmlns="http://www.netbeans.org/ns/project-private/1">
    <editor-bookmarks xmlns="http://www.netbeans.org/ns/editor-bookmarks/2" lastBookmarkId="0"/>
    <open-files xmlns="http://www.netbeans.org/ns/projectui-open-files/2">
        <group>
            <file>file:/C:/Users/Windows/Desktop/teamArrow-TrafficSimulation/CellularAutomatonProto/src/CellAutomaton/OneWayRoad.java</file>
            <file>file:/C:/Users/Windows/Desktop/teamArrow-TrafficSimulation/CellularAutomatonProto/src/CellAutomaton/RoadInt.java</file>
            <file>file:/C:/Users/Windows/Desktop/teamArrow-TrafficSimulation/CellularAutomatonProto/src/CellAutomaton/Junction.java</file>
            <file>file:/C:/Users/Windows/Desktop/teamArrow-TrafficSimulation/CellularAutomatonProto/src/CellAutomaton/Vehicle.java</file>
            <file>file:/C:/Users/Windows/Desktop/teamArrow-TrafficSimulation/CellularAutomatonProto/src/CellAutomaton/AutomatonModel.java</file>
        </group>
    </open-files>
</project-private>
